貼文編號,文字內容
貼文1,"（吐槽文，不喜勿入）
之前看到某個財經暢銷書的教授
出來點出技術分析的爭議
我也陸續發了幾篇文去討論
結果意外釣到一些奇珍異獸在評論區懟我
有人說我沒有包容度，心胸狹窄，發這種文幹嘛？
新手就像白紙，特別容易被一些奇怪的觀念PUA
最後迷失在茫茫的金融大海裡
我認為發這個冷飯重炒的月經文是必要的
老實說，新手不要被騙，就贏人家一半了
除了「能賺錢就是好方法」這個論調
技術派最愛講的是
「穩定交易，全靠盈虧比」
「一單賺到可以 cover 掉其他虧損」
雖然沒有到嗤之以鼻
我倒是想知道這些人在想什麼
於是我就去觀察一下這些愛好者的發文
每一篇都點進去看，並且推敲他們背後的想法
但這個東西不就是一種路徑依賴？….？
而路徑依賴在金融市場是最危險的一件事情

人性就是這麼懶
尤其是那種規則越固定、越不用動腦的系統，越棒
也最能PUA那些金融市場的新手菜鳥
反正你什麼都不用懂
只要一單賺錢cover小虧損就好
於是在圖表上面畫得亂七八糟
一個wykoff型態就能掰出很多吸引人的故事
PUA新手倒是可以，但市場根本不會照這些圖去走
你那些圖表上，根本看不出避險盤的調整、金融機構的對沖操作、逼倉現象
這些動作，才是真正影響市場波動的暗流
而有人卻在那邊畫線說故事
市場的波動是資金堆積與釋放的過程
但技術分析派往往忽略了隱性的流動性風險
資金池變動、對沖基金的倉位調整、系統性風險傳導……
你看不到的，恰恰是那些圖表背後的資金博弈
更奇葩的是，糾正他們還跟你急：
「賺錢的方法就是好方法！」
那我問你：
如果你的系統沒辦法應對市場波動性的擴大或收縮
沒辦法適應市場結構的切換，
那你告訴我，你的「盈虧比」是哪來的？

抱歉，我尊重市場，不尊重你的無腦套路
所以啊，別再用技術圖表來坑騙新手了
市場不是你那幾條線能解釋的
真正影響波動的，是那些你根本看不到的盤面力量
今天吐槽到這，話講完了，你自己看著辦吧"
貼文2,"最近有時間就來整理一些以前被問到的問題
我發現剛接觸option的新人
喜歡套 Black-Scholes去算合理價
但我接觸option以來
我幾乎沒把BSM模型當定價依據（好在我數學不好？但又擅長抽象思考XD）
我認為市場有太多非線性、無法公式化的東西
新人的起手式不外乎就是把vol當作模型輸入
但在現實世界裡，vol不是你設定好的參數
它是被觀察出來的，是會跳、會裂、會斷的動態
舉飛機的例子，你就會理解了
我自己常搭飛機，一直有想過這個問題
如果你知道波音737曾經出現過多起飛安事故
但因為你搭的是一間「從沒出過事」的航空公司
你會覺得這架飛機就安全嗎？
很多人真的會這樣想
他們用的是「這間航空公司過往沒事」的線性思維
假設系統會繼續安全飛行
或是「我不會是這麼倒楣的那一個」
飛機出問題
不是因為你事前知道它哪裡斷
而是因為一個平常沒人在意的小裂縫
在高空中突然放大，沒人來得及補
他從結構微小碎裂到飛機結構爆炸
可能會用指數型的增長速率進行傳導
也就是，它不是線性成長

這種風險，不是平均值能描述的
就像波動性也不是常態分布能描述的
而且這類風險你很難觀察得到
畢竟你又不是航太專家，
你坐飛機不會沒事跑去檢查人家的機身結構吧？
大多數人去衡量風險的方式
就是用一個常態分布曲線
以及用標準差去衡量危機爆發的概率

But你能意識到的風險，根本就不是風險
真正讓人爆倉的，是你根本沒算進去的那一段
這也是為什麼黑天鵝作者Taleb從不完全相信VaR
它永遠給你看起來合理的風險預估
但市場從來不是在你覺得合理的地方出事
Option的思考方式更多時候是這樣的：
1）vol會突然跳變，不是連續滑動的
2）市場價格不是常態分布，而是肥尾、斷點與恐慌交織的結果
3）價格不是精算出來的，而是在有人急著平倉、逃命時「被」定出來的
這對應到觀察的結構大概就是以下幾個問題
「skew 怎麼走？」
「gamma 哪裡最大？」
「tail risk 哪邊放大？？」
「哪些槓桿結構在市場情緒裡膨脹到極限？」
我反倒覺得這些問題掌握住了，
剩下你怎麼去combine你的option，都是次要的問題"
